,Li,B,O,F,Na,Mg,Al,Si,P,K,Ca,Ti,Fe,Sr,Zr,Ba,Pb,k_10GHz
2,0,1.716850693,66.38052488,0,0,0,0,31.90262442,0,0,0,0,0,0,0,0,0,3.77
3,2.344619071,14.09623777,63.08793748,0,0,0,0.342280156,20.12892553,0,0,0,0,0,0,0,0,0,4.07
4,0,22.80773981,61.75123508,0,2.228283244,0,0,13.21274187,0,0,0,0,0,0,0,0,0,4.5
5,2.441473339,18.34275749,61.39618454,0,0,0,3.57765682,13.05289859,0,0,0,0,0,0,0,1.189029224,0,4.82
6,5.93917139,17.8494452,59.75625981,0,0,0,3.480482159,11.81714164,0,0,0,0,0,0,0,1.1574998,0,5.85
7,0,18.71418809,61.03401146,0,3.001629606,0,3.648215318,12.38763602,0,0,0,0,0,0,0,1.214319508,0,5.11
8,0,19.00698825,61.46779386,0,0,0,3.706127149,12.58146413,0,2.004868218,0,0,0,0,0,1.232758395,0,5.09
9,1.233201581,18.53491436,60.76943347,0,2.376811594,0,3.615283267,12.2687747,0,0,0,0,0,0,0,1.201581028,0,5.39
10,0,18.88781102,61.29362104,0,1.211294932,0,3.681078105,12.50622689,0,1.195563829,0,0,0,0,0,1.224404184,0,5.06
11,0,20.80592768,61.73588553,0,0,0,2.029584687,12.05401487,0,0,0,0,0,0,0,3.374587237,0,5.43
12,0,20.98334444,61.83610926,0,0,0,2.046635576,12.15722851,0,0,0,0,0,0,0,2.041305796,0.935376416,5.29
13,0,18.40946615,62.23445239,0,0,0,2.091359384,14.21849202,0,0,0,0,0,0,0,2.088607595,0.957622455,5.11
14,0,20.15550899,61.36814823,0,0,0,1.963163119,11.67696041,0,0,0,0,0,4.836219257,0,0,0,5.7
15,1.3758362,20.0958752,61.17596078,0,0,0,2.015004198,11.98439997,0,0,0,0,0,0,0,3.352923652,0,5.66
16,1.319225695,19.86915435,60.24015292,0,2.546913281,0,1.938454083,11.50957112,0,0,0,0,0,0,0,2.576528552,0,5.71
17,0,20.27758427,60.79256203,0,1.29682225,0,1.977385992,11.74642302,0,1.280745941,0,0,0,0,0,2.628476502,0,5.79
18,0,12.65205383,61.8969266,0,0,0,4.795204795,15.07022389,0,0,0,0,0,0,0,5.58559088,0,7.08
19,0,18.41126031,61.28727822,0,0,0,4.184867605,11.72949361,0,0.906002265,0,0,0,0,0,3.481097988,0,5.9
20,6.069395209,18.23504136,59.21151574,0,0,0,3.555698786,10.56235901,0,0,0,0,0,0,0,2.365989902,0,6.01
21,0,19.13860361,60.49412202,0,3.067696309,0,3.731125441,11.08722766,0,0,0,0,0,0,0,2.481224956,0,5.65
22,0,19.49389825,60.9963548,0,0,0,3.798404564,11.29219716,0,1.891277933,0,0,0,0,0,2.527867294,0,5.51
23,0,12.77994773,62.23620985,0,0,0,6.547334701,14.80877849,0,0,0,0,0,0,0,3.627729227,0,6.39
24,0,18.44193818,61.52621136,0,0,0,6.296992481,10.68295739,0,0,0,0,0,0,0,2.093776107,0.958124478,5.84
25,0,18.52362256,61.5772641,0,0,0,6.323617359,10.73090824,0,0,0,0,0,0,0,1.401492499,1.443095244,5.86
26,0,18.04387179,61.27675434,0,0,0,6.160153338,10.45149611,0,0,0,0,0,2.020551592,0,2.047172825,0,5.88
27,0,18.27753211,61.42345757,0,0,0,6.238155401,10.58907138,0,0,0,0,0,2.047799537,0,0,1.423983997,5.9
28,0,17.8609798,61.16244091,0,0,0,6.096905887,10.34593898,0,0,1.106574989,0,0,1.399333906,0,2.027825526,0,5.94
29,0,18.30242803,61.07468497,0,0,0,8.329064645,8.833623604,0,0,0,0,0,0,0,3.46019875,0,6
30,0,19.06675597,60.23914068,0,0,0,10.84567488,5.522065937,0,0,0,0,0,0,0,4.326362531,0,6.41
31,0,9.662331005,60.73556737,0,0,0,4.792721215,14.24360864,0,0,0,0,0,0,0,10.56577177,0,8.43
32,0,8.883738895,59.30861336,0,0,0,4.853868933,13.38676452,0,3.276683404,0,0,0,0,0,10.29033089,0,8.37
33,0,10.3442971,61.49656934,0,0,0,5.13214978,15.25491523,0,0,0,0,0,0,0,0,7.772068552,8.68
34,0,9.973571608,61.08104707,0,0,0,4.945884722,14.70236597,0,0,0,0,0,0,0,5.763906368,3.533224264,8.36
35,4.418426371,0,60.35263781,0,0,0,5.178061189,20.32545822,0,0,0,0,0,0,0,6.028294655,3.697121751,8.63
36,0,0,61.31588133,0,2.19895288,0,5.361256545,21.05061082,0,0,0,0,0,0,0,6.244328098,3.828970332,9
37,4.270060092,0,60.01767409,0,0,0,5.005302227,19.66772711,0,0,0,0,0,0,0,11.03923648,0,8.99
38,0,0,60.93500974,0,2.125022136,0,5.177970604,20.34354525,0,0,0,0,0,0,0,11.41845228,0,9.11
39,0,0,61.23671155,0,0,0,5.237420269,20.56343019,0,1.417434444,0,0,0,0,0,11.54500354,0,9.04
40,0,15.90279381,63.1897945,0,0,0,0,18.4281921,0,0,0,0,0,0,0,0,2.47921958,4.76
41,1.462808245,15.7266341,62.49602498,0,0,0,0,17.86013703,0,0,0,0,0,0,0,0,2.454395652,5.03
42,0,17.2959072,57.01739987,5.504486759,0,0,2.949223025,12.16896476,0,0,2.752243379,0,0,0,0,0,2.311775005,5.96
43,0,15.44788228,51.50786102,11.47540984,0,0,2.635259889,11.18726571,0,0,5.737704918,0,0,0,0,0,2.008616349,6.75
44,2.963692038,17.82589676,60.74748469,0,0,0,3.040244969,12.54374453,0,0,0,0,0,0,0,0,2.878937008,6.13
45,0,18.24857221,61.39243949,0,1.463149306,0,3.111231983,12.83655154,0,0,0,0,0,0,0,0,2.94805548,6.12
46,0,13.60622327,62.11499268,0,0,0,3.249418721,16.55423831,0,1.504147889,0,0,0,0,0,0,2.970979131,6.12
47,0,16.86352077,58.51653009,2.684374117,1.350664029,0,2.876518791,11.8649336,0,0,2.463972874,0,0,0,0,0,3.37948573,6.52
48,2.328865831,13.31603978,61.52183312,0,0,0,3.1820147,16.20406399,0,0.489984148,0,0,0,0,0,0,2.957198444,6.33
49,0,0,59.30393788,3.91014975,0,0,1.199389906,25.39517471,0,3.043538547,1.955074875,0,0,0,0,0,5.192734332,6.43
50,0,0,56.06444929,3.801221821,0,0,0,22.24286378,0,8.824264942,5.076631774,0,0,0,0,0,3.990568397,8.08
51,0,0,58.6135254,0,5.574985283,0,0,23.98975034,0,7.950413795,0,0,0,0,0,0,3.871325184,7.56
52,0,0,54.72626473,3.749133749,5.668745669,0,0,21.95426195,0,8.087318087,1.874566875,0,0,0,0,0,3.93970894,7.76
53,0,0,54.51932401,3.719351711,5.624047652,0,0,21.74470148,0,8.630004156,1.859675855,0,0,0,0,0,3.902895138,7.76
54,0,0,54.44518133,3.651087298,5.522007749,0,0,21.36898321,0,8.481971448,1.825543649,0,0,0,0,2.78892806,1.916297253,7.72
55,0,0,56.32296781,3.731587561,2.822331333,0,0,21.81851246,0,4.328059647,7.059465357,0,0,0,0,0,3.917075832,8.4
56,0,0,50.72207792,11.1030303,2.798268398,0,0,21.64502165,0,4.294372294,5.551515152,0,0,0,0,0,3.885714286,7.43
57,10.69714444,0,52.76406201,3.404578571,0,0,0,19.94060979,0,7.914091364,1.702289286,0,0,0,0,0,3.577224543,7.97
58,10.94527363,0,55.44110434,0,0,0,0,20.40501717,0,8.100343354,0,0,0,0,0,2.666246234,2.442015276,8.35
59,0,0,57.31802673,0,5.629798123,0,0,21.77281774,0,8.643730452,0,0,0,0,0,6.635626955,0,8.36
60,0,0,60.50333333,0,4.86,0,0,27.17,0,7.466666667,0,0,0,0,0,0,0,7.17
61,0,0,60.15990243,0,4.702215597,0,0,26.28226845,0,7.222711566,0,0,0,0,0,0,1.632901958,6.7
62,0,0,60.64259733,0,4.479321029,0,0,26.96349185,0,6.87727334,0,0,0,0,0,0,1.037316449,6.27
63,1.910960327,0,53.74229731,3.66267396,5.53901544,0,0,20.95824967,0,8.50931247,1.83133698,0,0,0,0,0,3.846153846,7.86
64,10.49725663,0,52.41036613,3.347251458,3.540494841,0,0,19.57969564,0,5.438420925,1.673625729,0,0,0,0,0,3.512888644,8.03
65,0,0,56.6638417,0,5.121780464,0,0,19.82018497,0,7.863222668,7.078374295,0,0,0,0,3.452595895,0,8.37
66,10.96903511,0,55.00069118,0,5.287531103,0,0,20.44512027,0,4.630909594,0,0,0,0,0,0,3.666712745,8.15
67,10.73928871,0,55.03360403,0,3.619434332,0,0,20.02940353,0,5.56566788,0,0,0,0,0,2.614813778,2.397787735,8.4
68,10.65817558,0,54.85846251,0,5.136638791,0,0,19.86773505,0,4.506805696,0,0,0,0,0,2.596311977,2.375870394,8.21
69,8.487010365,0,58.26827298,0,4.092071611,0,0,24.61973348,0,3.587293041,0,0,0,0,0,0,0.945618522,6.64
70,8.030658749,0,57.8269576,0,3.873774341,0,0,23.30479216,0,3.397320812,3.56649634,0,0,0,0,0,0,6.99
71,0,0,62.50046874,0,0,0,0,25.00093749,0,0,0,0,0,0,0,0,12.49859377,9.34
72,2.75882638,0,61.33914924,0,0,0,0,24.05771167,0,0,0,0,0,0,0,0,11.84431272,9.31
73,0,0,61.38871577,0,0,0,0,24.72779265,0,3.90072222,0,0,0,0,0,0,9.982769366,8.91
74,0,0,56.88333333,0,19.56666667,0,0,23.55,0,0,0,0,0,0,0,0,0,7.75
75,0,0,56.20358515,0,19.60307298,0,3.969270166,20.2240717,0,0,0,0,0,0,0,0,0,7.93
76,0,0,55.35541419,0,20.14935694,0,0,20.78550685,0,0,3.70972203,0,0,0,0,0,0,8.32
77,0,0,58.94310316,0,13.78355563,1.009623502,0.796893466,24.3795374,0,0,1.087286848,0,0,0,0,0,0,7
78,0,10.28285039,62.57560919,0.198744167,0.305317127,1.774295754,5.841350308,16.42951783,0.69128406,0.120974711,1.745492252,0.034564203,0,0,0,0,0,3.4
79,0,10.58366661,62.4442126,0.197067177,0.301396859,1.817075291,5.8250739,16.57972527,0.318785139,0.121717962,1.776502637,0.034776561,0,0,0,0,0,3.4
80,0,13.79310345,62.64367816,0,3.448275862,0,0,20.11494253,0,0,0,0,0,0,0,0,0,4.49
81,0.862068966,13.79310345,62.64367816,0,2.586206897,0,0,20.11494253,0,0,0,0,0,0,0,0,0,4.37
82,1.379310345,13.79310345,62.64367816,0,2.068965517,0,0,20.11494253,0,0,0,0,0,0,0,0,0,4.32
83,1.724137931,13.79310345,62.64367816,0,1.724137931,0,0,20.11494253,0,0,0,0,0,0,0,0,0,4.28
84,2.586206897,13.79310345,62.64367816,0,0.862068966,0,0,20.11494253,0,0,0,0,0,0,0,0,0,4.25
85,3.448275862,13.79310345,62.64367816,0,0,0,0,20.11494253,0,0,0,0,0,0,0,0,0,4.23
86,0.862068966,13.79310345,62.64367816,0,0,0,0,20.11494253,0,2.586206897,0,0,0,0,0,0,0,4.5
87,1.724137931,13.79310345,62.64367816,0,0,0,0,20.11494253,0,1.724137931,0,0,0,0,0,0,0,4.37
88,2.298850575,13.79310345,62.64367816,0,0,0,0,20.11494253,0,1.149425287,0,0,0,0,0,0,0,4.34
89,2.586206897,13.79310345,62.64367816,0,0,0,0,20.11494253,0,0.862068966,0,0,0,0,0,0,0,4.32
90,0,13.79310345,62.64367816,0,0.862068966,0,0,20.11494253,0,2.586206897,0,0,0,0,0,0,0,4.56
91,0,13.79310345,62.64367816,0,1.724137931,0,0,20.11494253,0,1.724137931,0,0,0,0,0,0,0,4.47
92,0,13.79310345,62.64367816,0,2.586206897,0,0,20.11494253,0,0.862068966,0,0,0,0,0,0,0,4.45
93,0,11.21528815,61.82741117,0,0.12541057,3.293520454,5.243356226,15.49716333,0,0.041803523,1.845326963,0,0,0.376231711,0,0.522544043,0,5.6
94,0,9.665655358,62.14029604,0,0.159357666,3.582482915,4.541693482,17.25353192,0,0.06129141,1.694707487,0,0,0.248230211,0,0.619043241,0,5.6
95,0,9.106096042,62.30902409,0,0.097196489,3.344166692,5.327582541,17.47714364,0,0.103271269,1.342526501,0,0,0.249066002,0,0.619627616,0,5.5
96,0,8.05344334,62.41110735,0,0.129298402,3.527999261,5.38127636,18.15718991,0,0.043099467,1.357633224,0,0,0.252439738,0,0.652649078,0,5.6
97,0,10.67393845,61.984957,0,0.125857781,3.541997543,5.256060651,16.07683318,0,0.041952594,1.429384795,0,0,0.245722334,0,0.611309221,0,5.6
98,0,9.685553699,62.00516482,0,0.157982683,3.588029774,5.322801154,16.55780039,0,0.06076257,1.69527571,0,0,0.249126538,0,0.619778217,0,5.6
99,0,7.976925224,62.22125733,0,0.161275316,4.279998759,5.328288311,17.82092237,0,0.062028968,1.237477902,0,0,0.57376795,0,0.257420215,0,5.6
100,0,10.09774908,62.35016292,0,0.125549278,2.663438257,5.249155532,17.08665889,0,0.041849759,1.671001106,0,0,0.206259528,0,0.484261501,0,5.4
101,0,8.253205128,61.86513807,0,0.03081854,3.057199211,6.323964497,16.36156312,0,0.024654832,2.123397436,0,0,1.744329389,0,0.107864892,0,5.9
102,0,8.537841605,61.77664667,0,0.030297522,2.947948858,7.265345695,15.63049143,0,0.018178513,3.108525723,0,0,0.536266133,0,0.103011574,0,5.7
103,1.366045943,0,60.65991573,0,6.687508495,0,0,23.64075031,0,2.664129401,1.943727063,0,0,0,3.037923066,0,0,6.34
104,2.651515152,0,60.84618506,0,5.363906926,0,0,24.00229978,0,2.651515152,1.461038961,0,0,0,3.023538961,0,0,6.27
105,0,12.64626335,62.57366548,0.370106762,0,0,5.266903915,16.56085409,0,0,2.582206406,0,0,0,0,0,0,4.73
106,0,12.68147128,62.64991106,0.39880645,0,0,4.636483617,17.03965112,0,0,2.593676479,0,0,0,0,0,0,4.65
107,0,11.8647965,62.66670499,0.402391354,0,0,5.317314325,17.14474592,0,0,2.604046907,0,0,0,0,0,0,4.72
108,0,12.67130204,62.12169297,1.11941375,0,0,5.383572315,16.33536251,0,0,2.368656415,0,0,0,0,0,0,4.64
109,0,12.58725056,62.21507805,1.138239639,0,0,5.056911982,16.74631448,0,0,2.256205289,0,0,0,0,0,0,4.58
110,0,13.20792475,62.29166071,1.006318077,0,0,5.031590383,16.46988193,0,0,1.992624146,0,0,0,0,0,0,4.48
111,0,12.85430275,62.58733314,0.485657484,0,0,5.168986083,16.64867935,0,0,2.255041181,0,0,0,0,0,0,4.62
112,0,12.69037011,62.48798812,1.115284936,0,0,4.094231385,17.69896043,0,0,1.913165021,0,0,0,0,0,0,4.43
113,0,11.88101333,61.96486892,1.768323182,0,0,5.343219466,17.08594463,0,0,1.956630476,0,0,0,0,0,0,4.52
114,0,13.65173781,61.86144157,1.749475157,0,0,4.309540471,16.49171915,0,0,1.936085841,0,0,0,0,0,0,4.39
115,0,13.14124684,62.09742351,1.305498045,0,0,5.152979066,16.35323211,0,0,1.949620428,0,0,0,0,0,0,4.54
116,0,14.01273885,62.258303,0.998066424,0,0,4.60077343,16.20791629,0,0,1.922202002,0,0,0,0,0,0,4.43
117,0,13.88936658,62.36170823,0.98022356,0,0,4.064201777,16.72685583,0,0,1.977644024,0,0,0,0,0,0,4.32
118,0,12.11368494,62.44584368,0.996476229,0,0,5.227889781,17.21737623,0,0,1.998729132,0,0,0,0,0,0,4.49
119,0,12.71218518,61.88673752,1.688746542,0,0,5.281700393,16.46527879,0,0,1.96535158,0,0,0,0,0,0,4.55
120,0,12.77053133,62.28974813,1.240449699,0,0,4.549283909,17.16003835,0,0,1.989948581,0,0,0,0,0,0,4.44
121,1.278772379,4.795396419,62.6758312,0,0,3.24488491,4.219948849,21.59526854,0,0.319693095,1.774296675,0,0.095907928,0,0,0,0,5.27
122,0,11.05664198,63.29994139,0,0.053285022,1.417381574,7.443917515,15.08498961,1.454681089,0.010657004,0.015985506,0.066606277,0.095913039,0,0,0,0,4.47
123,0,12.0871107,63.22166234,0,0.016580399,0.118826191,5.897095159,17.05294012,0.27081318,0.003917948,1.326431901,0,0.004622062,0,0,0,0,4.48
124,0,12.16894749,63.27272194,0,0,0.022135421,5.79394635,17.34033514,0.143880234,0,1.247884338,0.005533855,0.004615235,0,0,0,0,4.43
125,0,11.6823598,63.2863928,0,0.016665278,0.111101853,5.832847263,17.3374441,0.272199539,0.005555093,1.34155487,0.047218287,0.066661112,0,0,0,0,4.5
126,0,11.76339472,63.27770193,0,0,0,5.834331727,17.60329888,0,0,1.306734279,0.091945056,0.122593408,0,0,0,0,4.5
127,0,11.48792662,63.56131121,0,0.005395926,0.097126669,5.946310536,16.22015378,1.408336706,0.005395926,1.157426143,0.045865372,0.064751113,0,0,0,0,4.39
128,0,11.73232632,63.36205849,0,0.005492662,0.07689727,6.074884319,17.02450628,0.527295565,0,1.186415021,0.005492662,0.004631413,0,0,0,0,4.44
129,0,12.16040604,63.27824839,0,0.064971003,0.11099213,6.242630529,16.15882985,0.817551786,0.00541425,1.153235301,0.002306471,0.00541425,0,0,0,0,4.45
130,0,10.7810254,63.77575467,0,0.063887558,0.111803226,6.149177448,15.83080445,2.14023319,0.005323963,1.02752489,0.045253687,0.069211521,0,0,0,0,4.34
131,0,11.45517425,63.66054802,0,0,0.082468742,6.134610269,15.73290769,1.808991753,0.005320564,1.00292631,0.047885076,0.069167332,0,0,0,0,4.35
132,0,11.86219865,63.29944859,0,0.005491759,0.068646983,6.359456499,17.11231991,0.247129139,0,1.035196503,0.005491759,0.004620217,0,0,0,0,4.44
133,0,12.14025554,63.47136434,0,0.016051462,0.085607796,6.104905939,15.91502429,1.273415963,0.003906391,0.981814408,0.002303385,0.005350487,0,0,0,0,4.34
134,0,12.16507553,63.37570023,0,0.00541151,0.064938126,6.190767974,16.42393427,0.763022976,0,1.001129436,0.00541151,0.004608442,0,0,0,0,4.39
135,0,11.98379686,63.30370008,0,0.04893565,0.081559416,6.443193867,16.65443275,0.434983552,0.010874589,0.872685752,0.06796618,0.097871299,0,0,0,0,4.44
136,0,10.6731718,63.5209955,0,0.065782261,0.079486898,6.715272448,17.39118518,0.597522202,0.005481855,0.814055476,0.054818551,0.082227826,0,0,0,0,4.42
137,0,11.68324281,63.4217527,0,0,0.045933193,6.808920415,16.6656433,0.61604518,0,0.748440855,0.005403905,0.004617637,0,0,0,0,4.38
138,0,11.60125614,63.47876854,0,0,0.037527169,7.01758054,16.43421936,0.804153614,0,0.616517771,0.005361024,0.004615842,0,0,0,0,4.35
139,0,11.00376018,63.8134531,0,0,0.514414038,7.013787341,15.4428661,2.031543764,0,0.002611239,0.078337163,0.099227073,0,0,0,0,4.21
140,0,10.79020449,63.95354708,0,0.06563999,0.01009846,7.881848018,14.35748548,2.766978036,0.01009846,0.02019692,0.058066145,0.08583691,0,0,0,0,4.18
141,0,10.59038662,63.79832811,0,0.047021944,0,7.863113898,15.96133751,1.541274817,0.010449321,0.010449321,0.073145246,0.104493208,0,0,0,0,4.26
142,0,10.90369005,63.84727664,0,0.04609357,0,7.887121969,14.99065325,2.151033264,0.010243016,0.007682262,0.064018847,0.09218714,0,0,0,0,4.22
143,0,11.31281375,64.06115309,0,0,0,7.00268749,14.70260129,2.768622281,0,0,0.065919578,0.086202525,0,0,0,0,4.06
144,0,11.85021622,63.55345405,0,0,0,7.082208969,17.24644064,0.257730122,0,0,0.005369378,0.004580616,0,0,0,0,4.2
145,0,13.0187743,63.28398678,0,0.010662387,0.018659177,6.050904516,15.50844162,1.018257941,0.003880576,1.079566665,0.002288148,0.004577896,0,0,0,0,4.34
146,0,12.71656687,63.3274465,0,0.010690683,0.018708694,6.120415748,15.69926729,1.026305523,0.003890874,1.069068253,0.00229422,0.005345341,0,0,0,0,4.33
147,0,12.19434942,63.38120501,0,0.010739189,0.018793581,6.271686534,15.96112005,1.047070954,0.003909065,1.103451698,0.002304898,0.005369595,0,0,0,0,4.37
148,0,12.79594288,63.28039504,0,0.069398105,0.096089684,6.053650073,15.53182971,1.01961831,0.010676632,0.974242626,0.061390631,0.106766315,0,0,0,0,4.36
149,0,12.17324182,63.34814558,0,0.016073823,0.013394852,6.445602953,15.78449401,1.071588188,0.003911297,1.13588348,0.002306058,0.005357941,0,0,0,0,4.41
150,0,12.40368352,63.36349236,0,0.05906516,0.01879346,5.976320241,15.91537573,1.030955513,0.01073912,1.063172873,0.06174994,0.096652079,0,0,0,0,4.38
151,0,12.804177,63.2911768,0,0.010670147,0.008002611,6.194020622,15.52506461,1.040339381,0.003889802,1.115030413,0.002293548,0.005335074,0,0,0,0,4.39
152,0,13.04394141,63.26231691,0,0.058588549,0.090545939,5.976031957,15.39813582,1.027962716,0.010652463,0.974700399,0.061251664,0.09587217,0,0,0,0,4.39
153,0,12.65341976,63.26022855,0,0.010736886,0.01878955,6.093182618,15.61948443,1.020004139,0.003901247,1.312584273,0.002300109,0.005368443,0,0,0,0,4.42
154,11.11111111,33.33333333,55.55555556,0,0,0,0,0,0,0,0,0,0,0,0,0,0,9
155,0,0,60.39678454,0,0,9.404823189,0,18.8136063,0,0,9.404823189,0,0,0,1.979962777,0,0,7.2
156,0,0,60,0,0,10,0,20,0,0,10,0,0,0,0,0,0,8.59
157,21.05263158,15.78947368,52.63157895,0,0,0,5.263157895,5.263157895,0,0,0,0,0,0,0,0,0,4.55
158,0,0,59.13333333,0,15.06666667,0,0,25.8,0,0,0,0,0,0,0,0,0,6.82
159,0,0,59.43333333,0,0,0,0,26.1,0,14.46666667,0,0,0,0,0,0,0,7.03
160,0,0,59.1,0,7.666666667,0,0,25.76666667,0,7.466666667,0,0,0,0,0,0,0,6.57
161,0.185276322,11.19184784,62.68708566,0.254754943,0,1.626957705,5.349853805,16.94409866,0,0,1.253510118,0.506614944,0,0,0,0,0,4.7
162,0.186779513,10.99664381,62.56238144,0.411498614,0,1.815263388,5.32321611,16.93856705,0,0,1.234495841,0.531154239,0,0,0,0,0,4.71
163,0.187183762,10.94440057,62.48135474,0.5498523,0,1.816267439,5.410780615,16.87871077,0,0,1.181597496,0.5498523,0,0,0,0,0,4.72
164,0.187754863,10.96605744,62.43729281,0.619004312,0,1.807140552,5.298207528,16.94194268,0,0,1.229207616,0.513392202,0,0,0,0,0,4.73
165,0.188468108,10.89581247,62.36232994,0.709700218,0,1.805171094,5.2947759,16.93857118,0,0,1.310442311,0.494728783,0,0,0,0,0,4.72
166,0,0,62.78323056,0,0,0,1.459481154,16.76943846,0,0,3.258291677,7.297405772,0,2.189221732,0.769876309,5.473054329,0,11.37
167,0,0,62.78323056,0,0,0,1.459481154,14.94508702,0,0,3.258291677,9.121757215,0,2.189221732,0.769876309,5.473054329,0,12.69
168,0,0,62.78323056,0,0,0,1.459481154,13.12073558,0,0,3.258291677,10.94610866,0,2.189221732,0.769876309,5.473054329,0,14.01
169,0,0,62.78323056,0,0,0,1.459481154,11.29638414,0,0,3.258291677,12.7704601,0,2.189221732,0.769876309,5.473054329,0,14.97
170,0,0,62.78323056,0,0,0,1.459481154,9.472032692,0,0,3.258291677,14.59481154,0,2.189221732,0.769876309,5.473054329,0,16.64
171,0,0,62.78323056,0,0,0,1.459481154,7.647681249,0,0,3.258291677,16.41916299,0,2.189221732,0.769876309,5.473054329,0,17.89
175,0,0,56.66666667,0,20,0,0,23.33333333,0,0,0,0,0,0,0,0,0,7.7
176,0,0,56.66666667,0,0,0,0,23.33333333,0,20,0,0,0,0,0,0,0,7.8
1,0,0,66.66666667,0,0,0,0,33.33333333,0,0,0,0,0,0,0,0,0,3.79
2,20,0,56.66666667,0,0,0,0,23.33333333,0,0,0,0,0,0,0,0,0,6.685
