,Li,B,O,F,Na,Mg,Al,Si,P,K,Ca,Ti,Fe,Sr,Zr,Ba,Pb,loss
2,0,0,63.39794392,0,0,5.031987014,9.548362456,21.94213692,0,0,0,0,0,0,0.079569687,0,0,5.952243834
3,0,0,66.66666667,0,0,0,0,31.3,0,0,0,2.033333333,0,0,0,0,0,8.016417904
133,0,0,61.53846154,0,0,0,0,23.07692308,0,0,3.846153846,0,0,3.846153846,0,7.692307692,0,5.65499231
134,0,0,62.96296296,0,0,0,0,22.22222222,0,0,2.777777778,3.055555556,0,2.777777778,0.648148148,5.555555556,0,5.991464547
135,0,0,62.96255139,0,0,0,0,20.372634,0,0,2.778086454,4.581990592,0,2.778086454,0.970478201,5.556172908,0,5.843044542
136,0,0,61.53846154,0,0,0,0,19.23076923,0,0,3.846153846,3.173076923,0,3.846153846,0.673076923,7.692307692,0,5.713832811
137,0,0,62.96296296,0,0,0,0,18.51851852,0,0,2.777777778,6.111111111,0,2.777777778,1.296296296,5.555555556,0,5.843044542
138,0,0,61.53846154,0,0,0,0,15.38461538,0,0,3.846153846,6.346153846,0,3.846153846,1.346153846,7.692307692,0,5.599422459
139,0,0,62.96296296,0,0,0,0,14.81481481,0,0,2.777777778,9.166666667,0,2.777777778,1.944444444,5.555555556,0,5.683979847
153,0,4.824120603,63.51758794,0,0,0,0,23.08207705,0,1.139028476,2.546063652,0.335008375,0,0.938023451,1.775544389,0,1.842546064,7.264430223
156,0,0.769230769,60.38461538,0,0,0,0,21.15384615,0,1.538461538,0,0,0,0,0,0.769230769,15.38461538,7.60090246
162,0,5.750073012,61.79706006,0,0.129798488,1.49268261,5.49696596,17.9998053,0,0.084369017,7.145406756,0.051919395,0.051919395,0,0,0,0,6.907755279
163,0,0,63.35647928,0,0,4.993817179,9.873489965,21.77621358,0,0,0,0,0,0,0,0,0,6.214608098
170,0,10.30881778,58.80102753,0,5.818953482,0,5.92505724,14.64511085,0,4.501033116,0,0,0,0,0,0,0,5.776353167
174,15.08100332,0,58.09720398,0,0,0,6.173766185,20.64802652,0,0,0,0,0,0,0,0,0,3.673006105
180,0,0,57.50850134,0,0,0,8.914257955,18.23232937,0,15.34491134,0,0,0,0,0,0,0,4.744432253
181,0,0,60.31746032,0,6.349206349,4.761904762,9.523809524,19.04761905,0,0,0,0,0,0,0,0,0,3.213888283
182,0,0,60.30217605,0,6.328592696,0,9.717778974,18.90975896,0,0,4.741693326,0,0,0,0,0,0,4.104394898
188,0,0,59.71067723,0,6.463045299,0,9.678458664,17.81364779,0,0,0,0,0,0,0,6.334171016,0,4.456750181
196,0,0,59.68699581,0,3.343013875,6.311713456,9.506292352,17.91222975,0,3.23975476,0,0,0,0,0,0,0,4.068676815
201,9.861455623,0,60.17302922,0,0.042349809,0,9.250408373,19.81668582,0,0,0,0,0,0,0.856071148,0,0,3.973898409
202,9.026564942,0,60.14645954,0,0.036768085,1.283818978,9.363605724,20.14278273,0,0,0,0,0,0,0,0,0,3.130407177
205,7.992247178,0,61.57222666,0,0.057006043,0,9.109565614,18.5782693,2.690685213,0,0,0,0,0,0,0,0,2.34028696
207,9.297457053,0,59.91318269,0,0.061572563,0,9.242041746,19.88485931,0,0,0,0,0,0,0,1.600886645,0,3.040729639
208,4.417816509,0,60.65419995,0,4.532800775,0,9.222948439,19.76519003,0,0,0,1.407044299,0,0,0,0,0,4.290359446
209,4.422393728,0,60.13414186,0,4.759279677,1.176038221,9.298052187,20.21009433,0,0,0,0,0,0,0,0,0,3.493312671
210,4.511832049,0,59.99201989,0,4.794205212,0,9.324452902,19.97483196,0,0,0,0,0,1.402657991,0,0,0,2.679462744
212,0,0,61.39862523,0,4.351530989,0,8.776913026,18.20712379,3.005169573,4.260637391,0,0,0,0,0,0,0,2.675099101
214,4.453466199,0,60.04797933,0,4.638002091,0,9.300608968,19.99138833,0,0,0,0,0,0,0,1.568555084,0,4.448166437
215,0,0,59.946803,0,4.311029742,0,3.419807247,21.9834882,0,3.288541919,0,0,0,0.131265329,0,6.919064562,0,4.456750181
217,0,0,60.18457936,0,3.987740625,0,3.374771859,22.37335996,0,3.395433727,0,0,0,3.35410999,0,3.330004477,0,5.572754212
218,0,0,59.87622308,0,4.211181413,0,3.429796356,21.87186668,0,3.457456004,0,0,0,5.300280054,0,1.853196418,0,4.66704559
219,0,0,60.05579857,0,4.112561568,0,3.396135432,22.21609892,0,3.492577412,0,0,0,6.664829677,0,0.061998416,0,3.083471188
223,0,0,60.10012084,0,4.011738305,0,3.431727948,22.14396686,0,3.307440014,3.535301226,0,0,0.07940618,0,3.390298636,0,4.585367559
224,0,0,60.02618523,0,4.203417861,0.034454245,3.438533627,22.13340684,0,3.397188534,3.342061742,0,0,1.660694598,0,1.764057332,0,3.887330393
225,0,0,59.91455053,0,4.265582469,0.034455432,3.424869931,22.0342487,0,3.569582745,3.421424388,0,0,3.335285808,0,0,0,3.79869432
227,0,0,60.13121547,0,3.88121547,0.075966851,3.425414365,22.17541436,0,3.370165746,6.940607735,0,0,0,0,0,0,4.537511538
228,0,0,59.96076272,0,4.212845047,1.638328629,3.414331934,22.1277621,0,3.613960212,5.032009362,0,0,0,0,0,0,4.22673375
229,0,0,60.0703424,0,3.999862074,1.575807731,3.461949588,22.12682321,0,3.434364332,3.617116651,0,0,1.713734009,0,0,0,4.406319327
230,0,0,60.06334779,0,4.110720925,1.490738828,3.435929216,22.19927012,0,3.470357364,1.697307719,0,0,3.515113957,0,0.017214074,0,4.147745339
232,0,0,60.04614961,0,4.174128668,1.62212426,3.409560546,22.19658355,0,3.444000551,0,0,0,5.06268081,0,0.044772007,0,4.062845895
234,0,0,59.95157385,0,4.136976825,3.261847112,3.403666551,21.95780007,0,3.375994466,0,0,0,3.891387063,0,0.020754064,0,4.635629393
235,0,0,59.9012465,0,4.260902593,5.196643762,3.466731121,21.90532095,0,3.41148441,1.857670661,0,0,0,0,0,0,3.958066944
236,0,0,60.08458259,0,4.153486453,4.758630175,3.500206299,22.20121029,0,3.410810067,0,0,0,1.89107413,0,0,0,4.261580482
253,0,0,62.58864003,0,0,2.871586042,4.612792249,22.87088394,0,0,7.056097732,0,0,0,0,0,0,4.585367559
260,0,0,60.28824684,0,3.511739631,1.522430476,4.851478449,21.60498004,0,3.39671155,4.824413018,0,0,0,0,0,0,3.626844063
262,0,0,57.39731237,0,7.270537525,0,7.524087221,18.17951318,0,7.023326572,0,0,0,0,0,2.605223124,0,3.700952035
269,0,0,55.18587989,0,9.759847483,1.312997755,9.064911903,15.37160604,0,9.304756926,0,0,0,0,0,0,0,3.053361386
270,0,0,55.40843599,0,9.290037172,0,9.320758195,15.3666554,0,9.130287856,1.483825382,0,0,0,0,0,0,3.776618368
275,0,0,59.36679585,0,6.394549319,0,6.238279785,21.87460933,0,6.125765721,0,0,0,0,0,0,0,5.403677882
285,0,0,66.66666667,0,0,0,0,31.28666667,0,0,0,2.046666667,0,0,0,0,0,8.016417904
286,1.278772379,4.795396419,62.6758312,0,0,3.24488491,4.219948849,21.59526854,0,0.319693095,1.774296675,0,0.095907928,0,0,0,0,5.339139361
287,1.291155584,4.841833441,62.63718528,0,0,3.599096191,3.615235636,21.80438993,0,0.322788896,1.791478373,0,0.096836669,0,0,0,0,5.132802928
288,1.275876368,4.784536378,62.64871934,0,0,3.872284776,4.433670377,21.43791267,0,0.318969092,1.132340276,0,0.095690728,0,0,0,0,5.203007187
289,1.271253774,4.767201653,62.57746703,0,0,4.179246782,4.830764341,21.10281265,0,0.317813444,0.858096297,0,0.095344033,0,0,0,0,5.278514739
290,1.254665788,4.704996707,62.42275964,0,0,4.435243562,6.053762429,20.20325586,0,0.313666447,0.517549638,0,0.094099934,0,0,0,0,4.86653495
291,1.300970874,4.854368932,62.3592233,0,0,5,3.948220065,21.06472492,0,0.323624595,1.019417476,0,0.129449838,0,0,0,0,5.278514739
292,1.291732271,5.462549404,62.2730632,0,0,5.2826066,3.920182513,20.56489187,0,0.321326436,0.690851836,0,0.192795861,0,0,0,0,5.240048458
294,0.641436818,6.061577935,61.94676074,0.323925593,0.314304041,5.888389994,4.528543938,19.46440026,0,0.320718409,0.365618987,0.048107761,0.096215523,0,0,0,0,5.472670754
295,0.630894723,6.028549579,62.19092531,0.315447362,0.318633699,4.581952587,4.499107826,19.97196023,0,0.318633699,1.000509814,0.047795055,0.09559011,0,0,0,0,5.521460918
297,1.288734903,5.472266295,61.90136969,0.323802739,0.323802739,5.300650844,3.930965256,20.2959557,0,0.323802739,0.692937862,0.048570411,0.097140822,0,0,0,0,5.149897361
298,0.653893938,4.87804878,61.85182763,0.326946969,0.326946969,6.002746355,4.623030145,19.83587262,0,0.326946969,1.026613483,0.049042045,0.098084091,0,0,0,0,5.449140256
299,1.942441369,4.852855194,61.45325797,0.324822971,0.324822971,5.960501527,4.586500357,19.71025791,0,0.324822971,0.373546417,0.048723446,0.097446891,0,0,0,0,5.339139361
300,1.942441369,4.846358734,62.09965569,0.324822971,0.324822971,4.6677061,3.30020139,21.64945105,0,0.324822971,0.373546417,0.048723446,0.097446891,0,0,0,0,5.403677882
301,1.923635542,4.815544008,61.70157828,0.325985218,0.322757641,4.638027305,4.563793048,20.22722138,0,0.322757641,1.013458994,0.048413646,0.096827292,0,0,0,0,5.240048458
302,0.651784259,4.862310575,62.30079844,0.32589213,0.32589213,5.334854163,3.956330455,21.07218511,0,0.32589213,0.697409158,0.048883819,0.097767639,0,0,0,0,8.111728083
304,1.972450365,4.78561728,61.73446291,0.355687771,0.310418418,5.002263468,4.546336416,20.21923301,0,0.161676259,0.708142016,0.119640432,0.084071655,0,0,0,0,6.165817934
305,1.362884122,4.841483597,61.87818412,0.356945842,0.311516371,5.114060421,4.581886621,20.15770516,0,0.16224811,1.028653016,0.120063601,0.084369017,0,0,0,0,6.032286542
306,0.630934931,6.028933784,62.19170225,0.315467465,0.318654005,4.582244599,4.499394557,19.9764196,0,0.318654005,1.000573577,0.047798101,0.089223122,0,0,0,0,5.521460918
307,0.652911987,4.857665187,62.24862888,0.408069992,0.326455994,5.331026378,3.950117524,21.0564116,0,0.326455994,0.695351267,0.048968399,0.097936798,0,0,0,0,8.111728083
309,0.76593535,4.985070752,62.29715695,0.305075944,0.220693236,5.585486174,4.394391795,20.70297287,0,0.064909775,0.613397378,0,0.064909775,0,0,0,0,7.13089883
310,1.803607214,4.796690155,62.00788674,0.303833473,0.090503588,5.039110479,4.544573017,20.58310169,0,0.038787252,0.727260974,0,0.06464542,0,0,0,0,6.571283042
311,1.303956835,5.164439877,62.32656732,0,0,5.305755396,4.258735868,20.72199383,0,0.321171634,0.533144913,0,0.064234327,0,0,0,0,5.318520074
312,1.359216987,4.838552336,61.81510747,0.458491854,0.312164667,5.105192989,4.578415114,20.13462101,0,0.162585764,1.030793744,0.120313465,0.084544597,0,0,0,0,6.032286542
313,0.617959446,6.134534921,61.88284519,0.457032507,0.308979723,5.391052462,4.557450917,19.25651754,0,0.160926939,1.026713872,0.122304474,0.083682008,0,0,0,0,6.074846156
314,1.298909044,4.754135074,62.4884026,0.262341236,0.108775634,4.978084909,4.754135074,21.15686086,0,0.070384234,0.035192117,0.041590684,0.051188534,0,0,0,0,4.422848629
321,1.578913029,4.253930971,62.42252235,0.538265805,0.013048868,4.452926209,3.992953611,21.97103151,0,0.013048868,0.64265675,0.061982123,0.058719906,0,0,0,0,6.645391015
322,1.396436244,3.759636042,62.32781499,0.502337925,0.012637432,3.927082017,6.88740048,20.35890307,0,0.018956148,0.578162517,0.148489827,0.082143308,0,0,0,0,6.214608098
323,1.506444596,4.051816499,61.90058764,0.519463654,0.012986591,5.467354956,5.603714165,20.11622999,0,0.019479887,0.620109737,0.110386026,0.071426252,0,0,0,0,6.502290171
353,0.641745548,6.000320873,61.9894112,0.324081502,0.308037863,5.83346703,4.48580138,19.5957003,0,0.314455318,0.362586235,0.048130916,0.096261832,0,0,0,0,5.472670754
358,1.629779328,4.387365951,62.29668503,0.547605854,0.013038235,4.586199029,4.113563024,21.62391212,0,0.013038235,0.664949966,0.065191173,0.058672056,0,0,0,0,6.214608098
359,1.492489715,4.030997863,62.24447492,0.519820136,0.012756322,4.219153618,6.103900246,20.54405715,0,0.019134484,0.618681634,0.124374143,0.070159773,0,0,0,0,6.645391015
360,0.761069367,5.946660647,61.84011094,0.457931568,0.309587539,5.395207843,4.559966461,19.33954658,0,0.16124351,1.025508723,0.119320197,0.083846625,0,0,0,0,6.265901393
362,1.776534132,4.789483959,61.88911303,0.608446671,0.013014902,5.007483569,4.483633761,20.55053036,0,0.019522353,0.72558079,0.071581961,0.06507451,0,0,0,0,6.645391015
366,1.026098595,5.296198337,62.52190816,0.353717217,0.095599248,4.88512157,4.68436315,20.9362353,0,0.070106115,0.038239699,0.041426341,0.050986266,0,0,0,0,4.509860006
374,1.589855819,4.306127703,62.15242019,0.550334706,0.012873326,4.4992276,5.329557158,20.71318229,0,0.01930999,0.65653965,0.09976828,0.070803296,0,0,0,0,6.43775165
375,1.352390719,5.922317652,61.7709268,0.455069863,0.307652865,4.752595821,4.537879759,19.51352391,0,0.160235867,1.022304833,0.121779259,0.083322651,0,0,0,0,5.683979847
377,0,6.349812305,62.71234969,0.916205383,0.53445314,2.86632309,4.014761087,21.30177515,0,0.006362537,1.148437997,0.104981867,0.044537762,0,0,0,0,5.914503506
383,0,11.84874694,61.88269327,1.080379018,0.023614842,3.512707737,5.27201346,16.15550373,0,0,0.05608525,0.115122354,0.053133394,0,0,0,0,6.812445099
396,0,12.12310311,62.19826975,1.214012197,0.028364771,0.502056446,6.66004822,16.05729684,0,0,1.009785846,0.144660332,0.062402496,0,0,0,0,7.264430223
399,0,8.167245688,64.38715183,0,1.700493692,0,0.408362284,25.33674651,0,0,0,0,0,0,0,0,0,5.952243834
400,0,16.35080098,62.47895737,0,0.206353516,0.06244909,4.132500679,14.84387727,0,0.048873201,1.87618789,0,0,0,0,0,0,6.907755279
401,0,16.486683,62.61815636,0,0.204669701,0.053860448,4.131096329,15.07015323,0,0.080790671,1.354590257,0,0,0,0,0,0,6.907755279
402,0,17.67422111,62.46218354,0,0.2441484,0,4.017833448,14.23225943,0,0.063690887,1.305663181,0,0,0,0,0,0,6.907755279
24,1.71285291,4.643589827,62.04044417,0.589403758,0.013025497,4.861766909,4.350516135,20.94499984,0,0.013025497,0.70337686,0.068383861,0.058614738,0,0,0,0,6.536191723
25,0.011589164,12.44676228,62.08315225,1.080689555,0.023178328,0.915543966,5.354193829,16.22193249,0,0,1.694915254,0.115891641,0.052151239,0,0,0,0,7.13089883
26,0.506064043,12.10481924,61.89105081,1.07902161,0.023267312,0.919058837,5.363115493,16.24930925,0,0,1.695605386,0.116336562,0.052351453,0,0,0,0,6.725433722
27,0.751173709,11.74295775,61.76643192,1.053403756,0.023474178,1.889671362,5.211267606,16.35856808,0,0,1.038732394,0.111502347,0.052816901,0,0,0,0,6.43775165
34,0,12.09596997,61.92291899,0.953246906,0.023464539,2.308324045,5.320584267,15.9617528,0,0,1.246553646,0.114389629,0.052795213,0,0,0,0,6.645391015
35,0,12.24095539,61.94532256,0.960074933,0.023416462,2.177730945,5.251141553,15.97588104,0,0,1.25863482,0.114155251,0.052687039,0,0,0,0,6.725433722
36,0,12.9898014,62.31036529,1.065062011,0.022600785,0.833403961,5.814052038,16.14261096,0,0,0.644122383,0.127129418,0.050851767,0,0,0,0,7.13089883
37,0,13.29937589,62.35201925,1.083093112,0.022389522,0.442193054,5.950015393,16.01970278,0,0,0.65209482,0.12873975,0.050376424,0,0,0,0,7.418580903
