,Li,B,O,F,Na,Mg,Al,Si,P,K,Ca,Ti,Fe,Sr,Zr,Ba,Pb,Thermal_Conductivity_RT
1,30.86,0,51.23666667,0,0,0,0,17.90333333,0,0,0,0,0,0,0,0,0,-4.431669753
2,26.76,0,53.28666667,0,0,0,0,19.95333333,0,0,0,0,0,0,0,0,0,-2.607156242
3,24.06666667,0,54.63333333,0,0,0,0,21.3,0,0,0,0,0,0,0,0,0,-1.625189295
4,22.24666667,0,55.54333333,0,0,0,0,22.21,0,0,0,0,0,0,0,0,0,-1.278333715
5,21.31333333,0,56.01,0,0,0,0,22.67666667,0,0,0,0,0,0,0,0,0,-1.053605157
5,0,0,59.69367191,0,0,0,0,19.38734381,0,0,0,0,0,0,0,0,20.91898428,-5.78123504
6,19.98,0,56.67666667,0,0,0,0,23.34333333,0,0,0,0,0,0,0,0,0,-0.512932944
6,0,0,60.11168728,0,0,0,0,20.22337455,0,0,0,0,0,0,0,0,19.66493817,-6.086222255
7,0,0,51.96693076,0,27.17189115,3.341370996,0,17.5198071,0,0,0,0,0,0,0,0,0,-4.455061576
8,0,0,51.9656528,0,27.09842058,0,0,17.4805159,0,0,3.455410718,0,0,0,0,0,0,-4.992264879
9,0,0,52.36386012,0,26.8963867,0,0,18.17591358,0,0,2.563839606,0,0,0,0,0,0,-4.676065046
10,0,0,60.34482759,0,10.34482759,0,0,25.86206897,0,0,3.448275862,0,0,0,0,0,0,-1.053605157
11,0,0,52.37834695,0,26.85087029,0,0,18.18212906,0,0,0,0,0,2.588653695,0,0,0,-5.673959753
13,19.92666667,0,56.70333333,0,0,0,0,23.20333333,0,0,0,0.166666667,0,0,0,0,0,-1.036952363
14,18.96,0,57.18666667,0,0,0,0,22.07666667,0,0,0,1.776666667,0,0,0,0,0,-5.02526821
15,0,0,52.38095238,0,26.91808431,2.480016397,0,18.22094692,0,0,0,0,0,0,0,0,0,-4.652151125
15,0,0,58.94741163,0,0,0,0,17.89482327,0,0,0,0,0,0,0,0.439262696,22.7185024,-6.878611761
16,0,0,52.7883182,0,26.66350454,1.639788589,0,18.90838867,0,0,0,0,0,0,0,0,0,-4.76424197
17,0,0,62.62242362,0,0,0,1.666423038,24.41163573,0,0,0,0,0,0,0,0,11.29951761,-2.998221323
17,0,0,53.18884409,0,26.41801075,0.806451613,0,19.58669355,0,0,0,0,0,0,0,0,0,-4.910229965
18,0,0,62.61025407,0,0,0,4.498014548,22.97150086,0,0,0,0,0,0,0,0,9.920230523,-2.500010055
19,0,0,56.83081198,0,0,0,9.154059895,9.08459401,0,0,0,0,0,0,0,0,24.93053412,-6.314878002
20,0,0,52.7852985,0,26.74292676,0,0,18.94206038,0,0,1.529714363,0,0,0,0,0,0,-4.557063245
21,0,0,53.18655462,0,26.4,0,0,19.57310924,0,0,0.840336134,0,0,0,0,0,0,-4.400565529
22,3.596764157,0,61.6925949,0,0,4.131922838,10.79029247,19.78842564,0,0,0,0,0,0,0,0,0,2.662030408
23,5.883101189,0,60.84716657,0,0,4.223112638,8.821471729,20.22514787,0,0,0,0,0,0,0,0,0,2.271355726
23,0,0,51.90436763,0,27.19243773,0,0,17.40495412,0,0,0,0,0,3.49824053,0,0,0,-5.568695623
24,7.461915828,0,60.26336174,0,0,4.28608314,7.461915828,20.52672347,0,0,0,0,0,0,0,0,0,2.02940844
25,0,0,52.88894913,0,26.44616897,0,0,19.00098275,0,0,0,0,0,1.663899149,0,0,0,-4.845083154
26,0,1.166448231,62.3853211,0,0,8.564875491,7.961992136,17.57208388,0.570117955,0,0,1.779161206,0,0,0,0,0,2.27932068
26,0,0,53.16481226,0,26.44122492,0,0,19.55023698,0,0,0,0,0,0.84372584,0,0,0,-5.310283311
28,0,0,52.37362337,0,26.84862166,0,0,18.17155756,0,0,0,0,0,0,0,2.606197414,0,-6.161861394
29,0,0,52.78220474,0,26.61829033,0,0,18.87355464,0,0,0,0,0,0,0,1.72595029,0,-6.577800367
29,0,0,59.70179327,0,0,0,0,19.40358654,0,0,0,0,0,0,0,0,20.89462019,-5.96111218
30,0,20.29850746,56.71641791,0,0,0,6.567164179,0,0,0,0,0,0,0,0,0,16.41791045,-5.743868448
30,0,0,53.18540931,0,26.39099008,0,0,19.56631367,0,0,0,0,0,0,0,0.857286939,0,-6.01479992
31,0,25.20547945,57.53424658,0,0,0,4.931506849,0,0,0,0,0,0,0,0,0,12.32876712,-4.228910619
32,0,0,66.66666667,0,0,11.11111111,0,0,22.22222222,0,0,0,0,0,0,0,0,-2.613647641
32,0,0,61.12754159,0,0,0,0,24.15896488,0,3.807763401,0,0,0,0,0,0,10.90573013,-3.453111853
33,0,0,66.66666667,0,0,0,0,0,22.22222222,0,11.11111111,0,0,0,0,0,0,-4.462871026
33,0,0,61.16743144,0,0,0,0,25.59669904,0,6.523672322,0,0,0,0,0,0,6.712197204,-2.281560931
34,0,0,66.66666667,0,0,0,0,0,22.22222222,0,0,0,0,11.11111111,0,0,0,-5.798184953
34,0,0,53.51955674,0,25.74341825,0,1.652404839,19.08462018,0,0,0,0,0,0,0,0,0,-5.208759596
35,0,0,53.52044598,0,25.17964747,0,3.338381723,17.96152483,0,0,0,0,0,0,0,0,0,-4.700036292
36,0,0,53.40483595,0,24.92225677,0,4.804214,16.86869328,0,0,0,0,0,0,0,0,0,-4.292456368
37,0,0,53.34811668,0,24.53619839,0,6.302704729,15.8129802,0,0,0,0,0,0,0,0,0,-3.974969385
38,0,0,59.87837792,0,7.20849988,0.242560896,1.400703768,23.85296027,0,3.307027433,0.293806156,0,0,1.967817977,0.461207338,1.387038366,0,-1.905553617
39,0,0,56.97915638,0,18.96670947,0,0,22.82920083,0,0,0,0,1.22493332,0,0,0,0,-2.471801291
40,0,0,56.92205638,0,19.32338308,0,0,23.25704809,0,0,0,0,0.497512438,0,0,0,0,-2.561834054
41,0,0,56.90297267,0,19.44536809,0,0,23.40559952,0,0,0,0,0.246059719,0,0,0,0,-2.626643095
42,0,0,56.88580854,0,19.54616641,0,0,23.5213755,0,0,0,0,0.046649562,0,0,0,0,-2.665731092
43,0,0,56.88333333,0,19.56666667,0,0,23.55,0,0,0,0,0,0,0,0,0,-2.691874898
45,19.7819782,0,56.77567757,0,0,0,0,23.03230323,0,0,0,0.410041004,0,0,0,0,0,-1.278333715
46,19.63333333,0,56.85,0,0,0,0,22.86333333,0,0,0,0.653333333,0,0,0,0,0,-1.625189295
47,19.42666667,0,56.95333333,0,0,0,0,22.61,0,0,0,1.01,0,0,0,0,0,-2.876820725
48,19.19333333,0,57.07,0,0,0,0,22.34333333,0,0,0,1.393333333,0,0,0,0,0,-4.462871026
50,0,0,56.89666667,0,0,0,0,8.75,0,19.54,0,14.81333333,0,0,0,0,0,5.766133643
51,0,0,58.49,0,0,0,0,10.68666667,0,16.35333333,0,14.47,0,0,0,0,0,6.205764877
52,0,0,60.00666667,0,0,0,0,12.53333333,0,13.32,0,14.14,0,0,0,0,0,7.466879475
53,0,0,60.10934427,0,0,0,0,14.39810648,0,13.1146448,0,12.37790446,0,0,0,0,0,9.122827105
54,0,0,61.45666667,0,0,0,0,14.29666667,0,10.42,0,13.82666667,0,0,0,0,0,8.501509294
64,0,0,61.12122565,0,3.551921954,0,0.535879908,26.23750472,0,4.974064787,0,0,0,0,0,0,3.579402975,-1.743533871
66,0,0,52.37769649,0,26.87087621,0,0,18.19083108,0,0,2.560596219,0,0,0,0,0,0,-4.700036292
68,0,0,53.34374512,0,24.54474465,0,6.30329533,15.8082149,0,0,0,0,0,0,0,0,0,-3.974969385
69,23.22,0,55.05666667,0,0,0,0,21.72333333,0,0,0,0,0,0,0,0,0,-1.042500214
70,23.06622517,0,55.02317881,0,0,0,0,21.24834437,0,0,0,0,0.662251656,0,0,0,0,-1.18783536
75,0,6.25,53.125,0,25,0,0,15.625,0,0,0,0,0,0,0,0,0,-6.01479992
76,0,11.76470588,55.88235294,0,17.64705882,0,0,14.70588235,0,0,0,0,0,0,0,0,0,-3.856624808
79,0,4.275686024,57.46649649,0,16.97511168,0,0,21.28270581,0,0,0,0,0,0,0,0,0,-3.495574762
80,0,8.14451929,59.18554807,0,12.24739743,0,0,20.42253521,0,0,0,0,0,0,0,0,0,-1.142891464
83,0,3.225806452,59.67741935,0,12.90322581,0,0,24.19354839,0,0,0,0,0,0,0,0,0,-0.682788408
84,0,6.25,60.9375,0,9.375,0,0,23.4375,0,0,0,0,0,0,0,0,0,0
90,11.62665951,0,58.72334719,0,0,4.452192571,3.875553172,21.32224755,0,0,0,0,0,0,0,0,0,1.484200051
93,16.12723214,0,57.05915179,0,0,2.315848214,0,22.18191964,0,0,2.315848214,0,0,0,0,0,0,0.392207132
94,16.12723214,0,57.05915179,0,0,3.473772321,0,22.18191964,0,0,1.157924107,0,0,0,0,0,0,0.582689081
95,16.12723214,0,57.05915179,0,0,4.631696429,0,22.18191964,0,0,0,0,0,0,0,0,0,0.769610411
96,0,0,60.13069636,0,9.190235807,0.867851463,0.684599959,24.85651061,0,0.698430261,3.530184635,0,0.013830302,0,0,0.027660604,0,-0.408219945
97,0,7.025300909,64.02910833,0,2.161631049,0,0.859739622,25.43908131,0,0.485138787,0,0,0,0,0,0,0,1.406311297
98,0,2.837155072,66.09016712,0,0,0,0,30.86539707,0,0.207280736,0,0,0,0,0,0,0,3.818552425
111,0,0,60.77941544,0,0,0,7.073266479,18.02219764,0,0,0,0,0,0,0,14.12512045,0,19.01808974
112,0,0,61.91340149,0,0,0,6.391961202,20.63082237,0,0,0,0,0,0,0,11.06381494,0,20.19558832
113,0,4.800216348,60.68555202,0,0,0,6.226759516,15.85761612,0,0,0,0,0,0,0,12.42985599,0,19.01808974
114,0,2.810676427,61.50685405,0,0,0,5.124132454,19.04630365,0,0,0,0,0,0,0,11.51203342,0,19.6234577
115,0,4.098697738,60.59287183,0,0,0.161069225,6.189170665,16.04180946,0,0,0.887594243,0,0,0,0,12.02878684,0,19.01808974
116,0,2.198265267,60.5541314,0,0,0.256347228,6.468377989,16.77494118,0,0,0,0,0,1.169364751,0,12.57857218,0,19.01808974
118,5.286075333,1.132730428,62.71733504,0,0,0,6.979081027,22.37447094,0.274047684,0,0,1.236259554,0,0,0,0,0,2.27932068
119,0,8.645114421,63.5579368,0,1.82225451,0.932316261,1.477176414,23.16563749,0,0.399564112,0,0,0,0,0,0,0,2.27932068
121,0,33.66547163,58.42502163,0,0,0,0,0,0,0,0,0,0.034614909,0,0,0,7.874891828,16.98364122
122,0,33.5416924,58.43113033,0,0,0,0,0,0,0,0,0,0.182828907,0,0,0,7.844348363,17.02928256
123,0,33.39505716,58.43764659,0,0,0,0,0,0,0,0,0,0.35552922,0,0,0,7.81176703,17.06746095
124,0,33.09263869,58.45183232,0,0,0,0,0,0,0,0,0,0.714690588,0,0,0,7.740838406,17.15058394
125,0,32.21598293,58.49292563,0,0,0,0,0,0,0,0,0,1.755719575,0,0,0,7.535371864,17.24015817
126,0,30.86206477,58.55616925,0,0,0,0,0,0,0,0,0,3.362612229,0,0,0,7.219153751,17.36246759
127,0,26.64708351,56.67525928,0,0,0,0,0,0,0,0,0,0.0539536,0,0,0,16.62370361,14.63718258
128,0,26.49073991,56.69449182,0,0,0,0,0,0,0,0,0,0.287227358,0,0,0,16.52754091,14.70405704
129,0,26.3096624,56.71770992,0,0,0,0,0,0,0,0,0,0.561177278,0,0,0,16.4114504,14.80467531
130,0,25.93428792,56.76430396,0,0,0,0,0,0,0,0,0,1.122927931,0,0,0,16.17848019,14.83421072
131,0,24.87836333,56.89665279,0,0,0,0,0,0,0,0,0,2.708247846,0,0,0,15.51673603,15.01407168
132,0,23.29695577,57.09362435,0,0,0,0,0,0,0,0,0,5.077541643,0,0,0,14.53187823,15.11604552
139,0,2.440556897,62.37309435,0,0,3.693905222,6.680115083,20.18585271,0,0,3.793114852,0,0,0,0,0.833360892,0,2.608246183
140,0,7.085573821,64.13888462,0,2.445844216,0,0.743585804,25.58611154,0,0,0,0,0,0,0,0,0,1.222176327
141,0,1.700457816,66.35055592,0,0,0,0.196206671,31.75277959,0,0,0,0,0,0,0,0,0,3.228078744
143,0,0,66.66666667,0,0,0,0,31.54666667,0,0,0,1.786666667,0,0,0,0,0,2.700271372
145,0,0,60.24969655,0,9.328940524,1.53632738,0.811513785,24.75810647,0,0,3.315415294,0,0,0,0,0,0,-2.29035877
148,0,0.0000185,66.66526306,0,0.00017423,0,0.001855961,33.33263153,0,0.0000205,0,0,0.0000359,0,0,0,0,4.054651081
149,0,0.0000556,66.66571667,0,0.000174231,0,0.001113651,33.33285834,0,0.0000512,0,0,0.0000287,0,0,0,0,4.054651081
151,0,0,66.6632224,0,0.000499974,0,0.003333161,33.3316112,0,0.000499974,0,0,0.00083329,0,0,0,0,4.700036292
152,0,0,66.6636668,0,0.000333318,0,0.003333183,33.3318334,0,0.000333318,0,0,0.000499978,0,0,0,0,4.700036292
153,0,0,66.6631113,0,0.000499973,0,0.003333156,33.33155565,0,0.000499973,0,0,0.000999947,0,0,0,0,4.700036292
154,0,0.0000556,66.66543042,0,0.00017423,0,0.001484639,33.33271521,0,0.000102465,0,0,0.0000359,0,0,0,0,4.054651081
156,0,0.00000557,66.66623875,0,0.0000174,0,0.000593996,33.33311937,0,0.0000102,0,0,0.0000143,0,0,0,0,4.054651081
180,26.75333333,0,53.29,0,0,0,0,19.95666667,0,0,0,0,0,0,0,0,0,-2.600669054
182,0,0,52.37704357,0,26.84178124,0,0,18.17497777,0,0,0,0,0,0,0,2.606197414,0,-6.161861394
183,0,0,53.17868549,0,26.40443772,0,0,19.55958985,0,0,0,0,0,0,0,0.857286939,0,-6.01479992
184,0,0,51.80407037,0,27.4025526,0,0,17.30941704,0,0,0,0,0,3.483959986,0,0,0,-5.568695623
185,0,0,52.37688098,0,26.85362517,0,0,18.18057456,0,0,0,0,0,2.588919289,0,0,0,-6.124892775
186,0,0,53.00874161,0,26.218066,0,0,19.12651623,0,0,0,0,0,1.646676154,0,0,0,-4.845083154
187,0,0,53.18834247,0,26.39416451,0,0,19.57376719,0,0,0,0,0,0.84372584,0,0,0,-5.310283311
188,0,0,51.96413175,0,27.10122435,0,0,17.47887567,0,0,3.455768236,0,0,0,0,0,0,-4.200712605
189,0,0,52.77627119,0,26.65762712,0,0,18.88135593,0,0,1.684745763,0,0,0,0,0,0,-4.557063245
190,0,0,53.05367887,0,26.66801116,0,0,19.44136332,0,0,0.836946657,0,0,0,0,0,0,-4.400565529
191,0,0,51.96348605,0,27.17878057,3.341370996,0,17.51636238,0,0,0,0,0,0,0,0,0,-4.462871026
192,0,0,53.1890584,0,26.41306539,0.813226695,0,19.58464951,0,0,0,0,0,0,0,0,0,-4.910229965
193,24.12666667,0,54.60333333,0,0,0,0,21.27,0,0,0,0,0,0,0,0,0,-1.625189295
194,22.30223022,0,55.51555156,0,0,0,0,22.18221822,0,0,0,0,0,0,0,0,0,-1.278333715
195,21.36666667,0,55.98333333,0,0,0,0,22.65,0,0,0,0,0,0,0,0,0,-1.053605157
198,21.33333333,0,56,0,0,0,0,22.66666667,0,0,0,0,0,0,0,0,0,-1.053605157
199,22.26666667,0,55.53333333,0,0,0,0,22.2,0,0,0,0,0,0,0,0,0,-1.278333715
200,24.13333333,0,54.6,0,0,0,0,21.26666667,0,0,0,0,0,0,0,0,0,-1.625189295
202,0,7.624091637,60.50314078,0,9.785687893,0,0,22.08707969,0,0,0,0,0,0,0,0,0,0.953101798
203,0,0,60.71098444,0,0,0,0,22.1961177,0,1.548297643,0,0,0,0,0,0,15.54460022,-5.344354894
205,0,7.62,62.03119814,0,6.112904686,0,1.858612678,22.38180008,0,0,0,0,0,0,0,0,0,1.222176327
206,0,5.792077648,61.00904421,0,5.527368985,0,0,23.7040305,0,3.636592821,0,0,0,0,0,0.330885829,0,1.070590723
220,0,0,60.11486918,0,0,0,0,20.22973835,0,0,0,0,0,0,0,0,19.65539247,-6.084384526
230,0,4.070264282,63.29799019,0,4.260167748,0,1.690140845,25.80471594,0,0,0.250039563,0,0.082291502,0,0,0.544389935,0,1.552928844
233,0,7.139349294,63.72314303,0,3.247391037,0,0.779619398,25.11049724,0,0,0,0,0,0,0,0,0,1.697427746
234,0,6.983248809,64.08175811,0,2.569540495,0,0.817581067,25.54787152,0,0,0,0,0,0,0,0,0,1.697427746
254,0,26.30136986,57.53424658,0,0,0,3.835616438,0,0,0,0,0,0,0,0,0,12.32876712,-4.197668928
260,0,0,67.0212766,0,0,9.574468085,1.063829787,0,22.34042553,0,0,0,0,0,0,0,0,-4.326307762
262,0,0,61.7473797,0,0,0,0,23.49475939,0,0,0,0,0,0,0,0,14.75786091,-4.447258221
263,0,0,60.83346389,0,0,0,0,21.66692778,0,0,0,0,0,0,0,0,17.49960833,-5.259392616
267,0,0,66.66666667,0,0,0,0,31.43333333,0,0,0,1.9,0,0,0,0,0,2.700271372
278,13.82950519,27.70239329,51.80159553,0,6.666505989,0,0,0,0,0,0,0,0,0,0,0,0,15.47562509
279,11.54729002,29.73251511,53.15501007,0,5.565184803,0,0,0,0,0,0,0,0,0,0,0,0,16.2924054
280,9.251762565,31.7716625,54.51444166,0,4.462133273,0,0,0,0,0,0,0,0,0,0,0,0,17.36951233
281,14.32035373,28.68349736,52.45566491,0,0,0,0,0,0,4.540484001,0,0,0,0,0,0,0,15.89235205
282,11.8855398,30.60908187,53.73938791,0,0,0,0,0,0,3.765990423,0,0,0,0,0,0,0,16.48658626
283,9.47003779,3.25E+01,55.01169696,0,0,0,0,0,0,3.00E+00,0,0,0.00E+00,0,0,0,0,17.91759469
284,0,3.23E+01,54.84919632,0,7.765938234,0,0,0,0,5.11E+00,0,0,0.00E+00,0,0,0,0,17.59580571
285,0,33.72439849,55.81626566,0,6.310068271,0,0,0,0,4.149267581,0,0,0,0,0,0,0,18.50028377
286,0,35.09865005,56.73243337,0,4.928175839,0,0,0,0,3.240740741,0,0,0,0,0,0,0,19.05088155
287,0,31.03448276,54.02298851,0,14.94252874,0,0,0,0,0,0,0,0,0,0,0,0,16.71473303
288,0,31.34324873,54.69191436,0,12.5755913,0,0,0,0,0,1.389245605,0,0,0,0,0,0,16.93779061
289,0,3.17E+01,55.37480139,0,10.15912163,0,0,0,0,0,2.807749769,0,0.00E+00,0,0,0,0,17.19188776
290,0,31.74990223,54.75374388,0,12.73492673,0,0,0,0,0,0,0,0,0.761427158,0,0,0,17.01105101
291,0,3.25E+01,55.51693179,0,1.04E+01,0,0,0,0,0.00E+00,0,0,0.00E+00,1.558507332,0,0,0,17.31655545
292,0,31.90778942,54.77747793,0,12.79787769,0,0,0,0,0,0,0,0,0,0,0.51685496,0,16.95615609
293,0,32.82909852,55.574259,0,10.53206251,0,0,0,0,0,0,0,0,0,0,1.064579969,0,17.35189118
294,0,0,63.59943316,0,2.494095418,0.050385766,5.504644938,26.21949299,0,1.461187215,0.286569044,0.025192883,0.358998583,0,0,0,0,7.385984435
296,0,0,52.78670773,0,26.74021184,0,0,18.94352137,0,0,1.529559067,0,0,0,0,0,0,-4.557063245
297,0,0,52.36449494,0,26.89570216,0,0,18.17684095,0,0,2.562961949,0,0,0,0,0,0,-4.700036292
298,5.590611884,14.35056963,58.64717471,0,5.664848814,0,0,15.74679496,0,0,0,0,0,0,0,0,0,1.823215568
299,6.484988453,7.630484988,58.90993072,0,6.484988453,0,0,20.48960739,0,0,0,0,0,0,0,0,0,2.546422184
301,0,6.200006425,58.92897298,0,11.08291304,1.606219281,0.616788204,19.10758457,0,0,1.574094895,0.883420605,0,0,0,0,0,2.851789422
302,0,0,66.70227628,0,0,0,0,0,20.65083409,0,0,0,4.856602843,0,0,0,7.790286794,-5.108256238
303,0,0,61.05277239,0,8.915791586,1.361112969,1.357768711,26.25242459,0,0.73573674,0.324393017,0,0,0,0,0,0,0.573250666
305,0,0,60.90881733,0,9.964222423,1.655130906,1.344166917,26.12766242,0,0,0,0,0,0,0,0,0,0.535407669
307,0,0.861155273,62.48675146,0,6.511658718,1.636195019,1.410969793,27.09326974,0,0,0,0,0,0,0,0,0,1.336563848
309,0,0.87070973,60.99355405,0,7.525901927,2.514258716,0.398231582,25.9761736,0,1.721170396,0,0,0,0,0,0,0,0.459289319
311,8.981516801,0,59.4028505,0,0,4.043416444,0,24.72171169,0,2.85050456,0,0,0,0,0,0,0,0.962188577
312,0,0,56.11767941,0,0,2.378333792,19.02667033,2.722023646,0,0,19.75529282,0,0,0,0,0,0,4.382549309
313,6.432604959,0,61.5209919,0,0,1.215320403,9.145592929,21.68548981,0,0,0,0,0,0,0,0,0,1.823215568
314,13.05797007,0,59.15953206,0,0,0,1.967191687,24.5147376,0,1.30056859,0,0,0,0,0,0,0,1.823215568
321,0,0,66.56700249,0,0,0,2.166612501,0,21.36713249,0,9.899252519,0,0,0,0,0,0,-3.566749439
325,0,0,60.31746032,0,6.349206349,4.761904762,9.523809524,19.04761905,0,0,0,0,0,0,0,0,0,0.861776962
327,0,0,59.62578097,0,3.314881357,0,9.47848888,17.77540384,0,3.211291315,0,0,0,6.594153637,0,0,0,-0.833816089
328,7.992247178,0,61.57222666,0,0.057006043,0,9.109565614,18.5782693,2.690685213,0,0,0,0,0,0,0,0,1.570037488
329,9.109361545,0,60.02890884,0,0.049206544,0,9.275433633,19.99938492,0,0,1.537704515,0,0,0,0,0,0,1.988508587
330,9.297457053,0,59.91318269,0,0.061572563,0,9.242041746,19.88485931,0,0,0,0,0,0,0,1.600886645,0,1.823215568
331,4.417816509,0,60.65419995,0,4.532800775,0,9.222948439,19.76519003,0,0,0,1.407044299,0,0,0,0,0,1.739533071
332,4.422393728,0,60.13414186,0,4.759279677,1.176038221,9.298052187,20.21009433,0,0,0,0,0,0,0,0,0,1.570037488
333,4.511832049,0,59.99201989,0,4.794205212,0,9.324452902,19.97483196,0,0,0,0,0,1.402657991,0,0,0,1.570037488
335,4.42516002,0,60.06893156,0,4.683653373,0,9.207287051,20.08862629,0,0,1.526341704,0,0,0,0,0,0,1.739533071
336,4.453466199,0,60.04797933,0,4.638002091,0,9.300608968,19.99138833,0,0,0,0,0,0,0,1.568555084,0,1.310282624
338,0,0,60.18457936,0,3.987740625,0,3.374771859,22.37335996,0,3.395433727,0,0,0,3.35410999,0,3.330004477,0,-2.357223335
339,0,0,59.87622308,0,4.211181413,0,3.429796356,21.87186668,0,3.457456004,0,0,0,5.300280054,0,1.853196418,0,-2.231435513
340,0,0,60.05579857,0,4.112561568,0,3.396135432,22.21609892,0,3.492577412,0,0,0,6.664829677,0,0.061998416,0,-1.508228897
342,0,0,59.81102145,0,4.365818332,0,3.400234499,21.92565004,0,3.641630457,1.703565763,0,0,3.351955307,0,1.800124146,0,-1.392620673
343,0,0,59.78795911,0,4.488657878,0,3.394031187,21.97170493,0,3.696946749,1.703900038,0,0,4.915493443,0,0.041306668,0,-1.053605157
346,0,0,59.91455053,0,4.265582469,0.034455432,3.424869931,22.0342487,0,3.569582745,3.421424388,0,0,3.335285808,0,0,0,-0.943106795
348,0,0,60.0703424,0,3.999862074,1.575807731,3.461949588,22.12682321,0,3.434364332,3.617116651,0,0,1.713734009,0,0,0,-4.780358009
349,0,0,60.04614961,0,4.174128668,1.62212426,3.409560546,22.19658355,0,3.444000551,0,0,0,5.06268081,0,0.044772007,0,-1.278333715
351,0,0,60.56477837,0,3.847338696,6.04141708,3.354441212,22.9813452,0,3.210679445,0,0,0,0,0,0,0,0.861776962
352,0,0,62.58864003,0,0,2.871586042,4.612792249,22.87088394,0,0,7.056097732,0,0,0,0,0,0,1.310282624
353,0,0,62.64305841,0,0,4.466553032,5.14140606,22.71541378,0,0,5.03356872,0,0,0,0,0,0,1.484200051
354,0,0,62.55391679,0,0,6.149993043,5.322109364,22.44677891,0,0,3.527201892,0,0,0,0,0,0,1.823215568
357,0,0,54.80220524,0,9.762388368,0,6.473869169,16.08795177,0,9.678563368,3.195022085,0,0,0,0,0,0,-1.392620673
358,0,0,54.777358,0,9.719396816,0,6.554942039,15.93206109,0,9.590235397,0,0,0,0,0,3.426006652,0,-2.613647641
363,0,8.748022874,64.04367928,0,2.329967149,0,0,24.00535345,0,0,0,0.295048059,0,0,0.577929188,0,0,2.151113796
364,0,8.287691845,62.64520012,0,4.303340355,0,1.913933193,22.35028589,0,0.018055974,0.349082155,0,0,0,0,0.132410472,0,1.655144385
365,0,5.752157059,63.19557334,0,4.170313868,0,1.162936101,24.5373265,0,0,0.700262598,0.481430536,0,0,0,0,0,2.31111721
367,0,0,59.45667125,0,11.76066025,0,0,24.51856946,0,0,3.71389271,0,0.550206327,0,0,0,0,0
368,0,0,60.09699866,0,9.137555352,2.115695509,0.246011106,24.7065439,0,0.133548886,3.563646587,0,0,0,0,0,0,0
369,0,0,58.78055442,0,10.98593473,0.051208521,0.87395876,23.76758159,0,2.300969548,3.226136829,0,0,0,0,0.013655606,0,-1.625189295
370,0,0,57.53061997,0,14.86429709,0.03494193,0.181698037,22.40476562,0,0.004452301,4.979225048,0,0,0,0,0,0,-1.392620673
371,0,0,58.16124666,0,12.03623364,0.052059834,1.02731406,22.42737653,0,1.20084684,5.094922431,0,0,0,0,0,0,-1.863295782
372,0,0,58.09474591,0,11.8794143,0.261843239,0.826873385,22.81481481,0,2.198105082,3.924203273,0,0,0,0,0,0,-1.508228897
373,0,0,58.2740029,0,11.29467063,0.2661229,0.843298542,22.86928873,0,2.191193751,3.981475081,0,0,0,0,0.279947467,0,-1.863295782
374,0,0,58.17774981,0,12.85924061,0,0.412558562,22.80260122,0,0.447521152,5.300328648,0,0,0,0,0,0,-1.625189295
376,22,0,55.66666667,0,0,0,0,22.33333333,0,0,0,0,0,0,0,0,0,8.109302162
377,0,0,55.66666667,0,0,0,0,22.33333333,0,22,0,0,0,0,0,0,0,-3.566749439
378,0,0,56.05117566,0,0,2.385892116,18.74135546,2.731673582,0,0,20.08990318,0,0,0,0,0,0,4.317824164
380,0,0,66.10399295,0.844010576,0,0,0,33.05199647,0,0,0,0,0,0,0,0,0,2.623642645
383,0,0,56.66666667,0,20,0,0,23.33333333,0,0,0,0,0,0,0,0,0,-1.392620673
384,0,0,61.53846154,0,0,0,0,23.07692308,0,0,0,0,0,15.38461538,0,0,0,-2.231435513
412,18.06375443,25.19008264,52.77449823,0,0,0,3.971664699,0,0,0,0,0,0,0,0,0,0,-5.978370008
414,0,7.951070336,62.9969419,0,4.281345566,0.305810398,0.611620795,23.85321101,0,0,0,0,0,0,0,0,0,1.823215568
415,0,0,60.16335695,0,0,9.178182944,2.252932296,19.20024775,0,0,6.189757287,0,0,3.015522781,0,0,0,5.306282511
422,0,1.783904318,58.60193256,0,12.12244071,1.030475032,0.4054328,22.55219947,0,0.837894452,2.59139131,0,0.074329347,0,0,0,0,-0.725706928
423,0,1.921261966,55.2345962,0,18.62612916,0.933665903,0.451665094,19.1013887,0,1.065120669,2.612242146,0,0.05393016,0,0,0,0,-2.484613593
424,0,2.725359874,51.98223172,0,23.82017969,1.045389266,0.374069002,15.40362713,0,2.237734211,2.331251461,0,0.080157643,0,0,0,0,-4.620354596
425,0,3.017255546,54.99424815,0,20.37140509,0.989317995,0.493015612,18.53738702,0,0.315529992,0.151191454,0,0.078882498,1.051766639,0,0,0,-5.978370008
426,0,2.980089075,55.12837307,0,20.46764475,0.785957558,0.451925596,18.86953105,0,0.268535499,0.265260676,0,0.078595756,0,0,0.704086979,0,-6.539264674
433,0,0,56.02790117,0,0,2.429205997,18.53831205,2.786646308,0,0,20.21793448,0,0,0,0,0,0,2.700271372
434,0,0,58.58777334,0,0,2.28488254,15.12422991,9.613431724,0,0,14.38968249,0,0,0,0,0,0,1.988508587
435,0,0,58.91034483,0,0,2.282758621,13.2137931,11.2137931,0,0,14.37931034,0,0,0,0,0,0,1.133286853
436,0,0,59.23936614,0,0,2.258548791,14.79899917,11.07923269,0,0,12.62385321,0,0,0,0,0,0,1.655144385
437,0,0,59.36464088,0,0,2.268646409,12.20994475,12.62430939,0,0,13.53245856,0,0,0,0,0,0,1.484200051
438,0,0,59.94476092,0,0,2.250992577,11.0616261,14.35870879,0,0,12.38391162,0,0,0,0,0,0,1.133286853
449,0,2.404102291,60.01598295,0,9.39664358,1.012253596,1.158763985,23.04541822,0,0.386254662,2.470697922,0,0.026638253,0,0.083244539,0,0,0.769610411
452,0,1.762662997,59.90105498,0,10.63495184,0,1.284319507,23.83854269,0,0.864949872,1.461241072,0.127776686,0.12450036,0,0,0,0,0.676586485
456,0,0,59.74189487,0,0,1.290525653,17.56373938,10.70192005,0,0,10.70192005,0,0,0,0,0,0,2.623642645
457,0,0,59.375,0,0,1.28125,18.75,9.375,0,0,11.21875,0,0,0,0,0,0,2.623642645
458,0,0,36.5,13.5,0,0.9,4.75,0,21.2,0,4.3,0,0,1.45,0,17.4,0,-4.301677207
459,0,0,28.65,21.35,0,7.6,7.25,0,16.3,0,4.6,0,0,5.9,0,8.35,0,-2.40544066
461,0,0,29.7,20.3,0,2.35,5.55,0,16.55,0,5.35,0,0,0,0,20.2,0,-4.486336035
462,0,0,29.7,20.3,0,2.35,5.55,0,16.55,0,3.7,0,0,1.65,0,20.2,0,-4.582331736
463,0,0,28.63,21.33,0,7.6,7.25,0,16.29,0,1.25,0,0,9.3,0,8.35,0,-2.547632257
465,0,0,28.63,21.34,0,4.25,7.25,0,16.29,0,1.25,0,0,9.3,0,11.69,0,-3.261457389
466,0,0,28.65,21.35,0,0.7,7.25,0,16.3,0,1.25,0,0,9.3,0,15.2,0,-4.433227507
467,0,0,28.67,21.36,0,0.7,7.25,0,16.31,0,7.95,0,0,2.55,0,15.21,0,-3.697601835
468,0,0,60.27042875,0,10.47221552,0,0,25.77696527,0,0,3.480390466,0,0,0,0,0,0,-1.625189295
469,0,3.266557781,59.67467751,0,10.71964268,0,0,23.07589747,0,0,3.263224559,0,0,0,0,0,0,-1.053605157
476,0,1.152980877,60.41549494,0,2.516872891,2.653965129,0.653824522,22.06482002,0,4.541619798,4.608408324,0,0,0,1.392013498,0,0,4.054651081
477,0,0,60.9356144,0,2.477461489,2.292894158,0.354937176,23.45779797,0,4.308937318,4.543195854,0,0,0,1.629161638,0,0,2.623642645
479,0,0,60.44584277,0,0.782718797,0,0.283927407,21.79334689,0,1.304531328,0,0,0,0,0,0,15.38963281,-4.76424197
496,0,0,59.88387885,0,7.096292272,0.237674861,1.378514193,23.50264838,0,3.252750238,0.292000543,0,0.597582507,1.938747793,0.451582236,1.368328127,0,1.257512053
497,0,0,59.88565663,0,6.927862788,0.232049773,1.345216075,22.95274929,0,3.181436018,0.282495376,0,1.513368085,1.896754666,0.443921305,1.338489995,0,1.397619424
498,0,0,59.8833311,0,6.872737026,0.234678825,1.334316749,22.76719861,0,3.158106477,0.28161459,0,1.817084618,1.884135711,0.439184659,1.32761164,0,2.623642645
503,0,6.572307692,63.84615385,0,3.076923077,0,1.12,25.38461538,0,0,0,0,0,0,0,0,0,1.823215568
505,0,4.701884461,62.86376274,0,3.299351251,0,3.614457831,23.15724436,0,0.871177016,0.729070127,0,0,0,0.497374112,0.265678097,0,0.953101798
513,0,6.173597887,56.93838688,0,14.12863198,0,4.392161681,15.65820996,0,0,2.70901161,0,0,0,0,0,0,-2.181560098
514,0,6.657471264,63.39310345,0,3.739463602,0,1.514176245,24.4137931,0,0,0,0,0,0,0.156321839,0.125670498,0,1.823215568
